decimalLatitude,decimalLongitude,genus
7.103193,171.373662,Herpolitha
7.069415,171.346163,Fungia
7.102937,171.373631,Halomitra
7.143966,171.277344,Plerogyra
7.147368,171.283848,Pavona
7.094129,171.340074,Pavona
10.321721,169.885825,Turbinaria
8.839583,167.724655,Acropora
8.610173,167.736989,Acropora
7.157102,171.203081,Acanthastrea
7.103619,171.382242,Acanthastrea
7.176081,171.127435,Acanthastrea
7.202968,171.072371,Acanthastrea
7.192263,171.093619,Acanthastrea
7.094124,171.13223,Acanthastrea
7.210496,171.056222,Acanthastrea
7.089031,171.129485,Acanthastrea
7.158656,171.163087,Acanthastrea
7.176081,171.127435,Acropora
7.176081,171.127435,Coscinaraea
7.176081,171.127435,Cyphastrea
7.176081,171.127435,Ctenactis
7.202968,171.072371,Acropora
7.202968,171.072371,Astreopora
7.202968,171.072371,Coscinaraea
7.210496,171.056222,Acropora
7.210496,171.056222,Astreopora
7.210496,171.056222,Coscinaraea
7.192263,171.093619,Diploastrea
7.192263,171.093619,Cyphastrea
7.157102,171.203081,Caulastraea
7.158656,171.163087,Acropora
7.158656,171.163087,Ctenactis
7.089031,171.129485,Echinopora
7.103619,171.382242,Diploastrea
7.103619,171.382242,Cyphastrea
7.103619,171.382242,Acropora
7.103619,171.382242,Ctenactis
7.094124,171.13223,Acropora
7.094124,171.13223,Coscinaraea
7.094124,171.13223,Caulastraea
7.094124,171.13223,Alveopora
7.094124,171.13223,Diploastrea
7.176081,171.127435,Astreopora
7.202968,171.072371,Alveopora
7.202968,171.072371,Diploastrea
7.202968,171.072371,Cyphastrea
7.210496,171.056222,Alveopora
7.210496,171.056222,Diploastrea
7.192263,171.093619,Acropora
7.192263,171.093619,Caulastraea
7.192263,171.093619,Astreopora
7.192263,171.093619,Coscinaraea
7.157102,171.203081,Alveopora
7.157102,171.203081,Diploastrea
7.157102,171.203081,Acropora
7.157102,171.203081,Ctenactis
7.158656,171.163087,Caulastraea
7.089031,171.129485,Acropora
7.103619,171.382242,Coscinaraea
7.094124,171.13223,Echinopora
7.176081,171.127435,Alveopora
7.176081,171.127435,Diploastrea
7.202968,171.072371,Caulastraea
7.202968,171.072371,Ctenactis
7.210496,171.056222,Ctenactis
7.192263,171.093619,Echinopora
7.192263,171.093619,Alveopora
7.157102,171.203081,Astreopora
7.157102,171.203081,Coscinaraea
7.089031,171.129485,Coscinaraea
7.103619,171.382242,Echinopora
7.103619,171.382242,Alveopora
7.094124,171.13223,Ctenactis
7.176081,171.127435,Caulastraea
7.202968,171.072371,Echinopora
7.192263,171.093619,Ctenactis
7.176081,171.127435,Echinopora
7.157102,171.203081,Cyphastrea
7.089031,171.129485,Cyphastrea
7.210496,171.056222,Echinopora
7.157102,171.203081,Echinopora
7.089031,171.129485,Alveopora
7.089031,171.129485,Diploastrea
7.210496,171.056222,Caulastraea
7.158656,171.163087,Cyphastrea
7.089031,171.129485,Caulastraea
7.094124,171.13223,Astreopora
7.158656,171.163087,Astreopora
7.158656,171.163087,Coscinaraea
7.158656,171.163087,Echinopora
7.158656,171.163087,Alveopora
7.158656,171.163087,Diploastrea
7.089031,171.129485,Ctenactis
7.089031,171.129485,Astreopora
7.103619,171.382242,Caulastraea
7.103619,171.382242,Astreopora
7.094124,171.13223,Cyphastrea
7.210496,171.056222,Cyphastrea
7.176081,171.127435,Leptastrea
7.176081,171.127435,Pocillopora
7.176081,171.127435,Turbinaria
7.202968,171.072371,Stylocoeniella
7.210496,171.056222,Montipora
7.210496,171.056222,Stylophora
7.210496,171.056222,Euphyllia
7.157102,171.203081,Favia
7.157102,171.203081,Montipora
7.157102,171.203081,Pectinia
7.157102,171.203081,Porites
7.157102,171.203081,Stylophora
7.157102,171.203081,Euphyllia
7.157102,171.203081,Favites
7.158656,171.163087,Goniopora
7.158656,171.163087,Leptoseris
7.158656,171.163087,Pocillopora
7.158656,171.163087,Galaxea
7.158656,171.163087,Isopora
7.158656,171.163087,Oxypora
7.158656,171.163087,Plerogyra
7.158656,171.163087,Hydnophora
7.158656,171.163087,Leptastrea
7.158656,171.163087,Turbinaria
7.158656,171.163087,Herpolitha
7.158656,171.163087,Mycedium
7.158656,171.163087,Physogyra
7.158656,171.163087,Lobophyllia
7.158656,171.163087,Porites
7.103619,171.382242,Fungia
7.103619,171.382242,Hydnophora
7.103619,171.382242,Oulophyllia
7.103619,171.382242,Platygyra
7.103619,171.382242,Pocillopora
7.103619,171.382242,Porites
7.103619,171.382242,Sandalolitha
7.103619,171.382242,Favites
7.103619,171.382242,Isopora
7.103619,171.382242,Mycedium
7.103619,171.382242,Psammocora
7.103619,171.382242,Lobophyllia
7.103619,171.382242,Favia
7.103619,171.382242,Montipora
7.103619,171.382242,Pectinia
7.103619,171.382242,Stylophora
7.103619,171.382242,Euphyllia
7.103619,171.382242,Merulina
7.103619,171.382242,Seriatopora
7.176081,171.127435,Pavona
7.176081,171.127435,Stylocoeniella
7.202968,171.072371,Leptastrea
7.202968,171.072371,Pocillopora
7.210496,171.056222,Porites
7.157102,171.203081,Merulina
7.157102,171.203081,Seriatopora
7.157102,171.203081,Sandalolitha
7.158656,171.163087,Plesiastrea
7.158656,171.163087,Pavona
7.158656,171.163087,Stylocoeniella
7.103619,171.382242,Plesiastrea
7.103619,171.382242,Stylocoeniella
7.103619,171.382242,Echinophyllia
7.103619,171.382242,Goniastrea
7.103619,171.382242,Pachyseris
7.094124,171.13223,Turbinaria
7.176081,171.127435,Favia
7.176081,171.127435,Pectinia
7.176081,171.127435,Merulina
7.176081,171.127435,Porites
7.176081,171.127435,Seriatopora
7.176081,171.127435,Sandalolitha
7.202968,171.072371,Leptoria
7.202968,171.072371,Fungia
7.202968,171.072371,Oulophyllia
7.202968,171.072371,Platygyra
7.202968,171.072371,Porites
7.202968,171.072371,Sandalolitha
7.202968,171.072371,Favites
7.202968,171.072371,Montipora
7.202968,171.072371,Stylophora
7.210496,171.056222,Leptastrea
7.210496,171.056222,Pocillopora
7.210496,171.056222,Galaxea
7.210496,171.056222,Isopora
7.210496,171.056222,Plerogyra
7.210496,171.056222,Turbinaria
7.192263,171.093619,Favia
7.192263,171.093619,Lobophyllia
7.192263,171.093619,Montipora
7.192263,171.093619,Pectinia
7.192263,171.093619,Porites
7.192263,171.093619,Stylophora
7.192263,171.093619,Gardineroseris
7.192263,171.093619,Merulina
7.192263,171.093619,Plesiastrea
7.192263,171.093619,Pavona
7.192263,171.093619,Seriatopora
7.192263,171.093619,Goniastrea
7.192263,171.093619,Leptoria
7.192263,171.093619,Oulophyllia
7.192263,171.093619,Sandalolitha
7.157102,171.203081,Pocillopora
7.157102,171.203081,Isopora
7.157102,171.203081,Turbinaria
7.157102,171.203081,Herpolitha
7.158656,171.163087,Euphyllia
7.089031,171.129485,Galaxea
7.089031,171.129485,Isopora
7.089031,171.129485,Leptoria
7.089031,171.129485,Oxypora
7.089031,171.129485,Plerogyra
7.089031,171.129485,Merulina
7.089031,171.129485,Fungia
7.089031,171.129485,Hydnophora
7.089031,171.129485,Leptastrea
7.089031,171.129485,Oulophyllia
7.089031,171.129485,Platygyra
7.089031,171.129485,Pocillopora
7.089031,171.129485,Herpolitha
7.089031,171.129485,Mycedium
7.089031,171.129485,Physogyra
7.089031,171.129485,Psammocora
7.089031,171.129485,Lobophyllia
7.089031,171.129485,Favia
7.089031,171.129485,Montipora
7.089031,171.129485,Pectinia
7.089031,171.129485,Porites
7.089031,171.129485,Stylophora
7.089031,171.129485,Goniopora
7.089031,171.129485,Plesiastrea
7.089031,171.129485,Pavona
7.089031,171.129485,Seriatopora
7.089031,171.129485,Stylocoeniella
7.094124,171.13223,Favites
7.094124,171.13223,Isopora
7.094124,171.13223,Montipora
7.094124,171.13223,Porites
7.094124,171.13223,Stylophora
7.094124,171.13223,Euphyllia
7.176081,171.127435,Favites
7.202968,171.072371,Euphyllia
7.202968,171.072371,Merulina
7.202968,171.072371,Plesiastrea
7.202968,171.072371,Seriatopora
7.210496,171.056222,Leptoseris
7.192263,171.093619,Favites
7.192263,171.093619,Mycedium
7.192263,171.093619,Psammocora
7.192263,171.093619,Euphyllia
7.089031,171.129485,Leptoseris
7.089031,171.129485,Goniastrea
7.094124,171.13223,Gardineroseris
7.094124,171.13223,Oulophyllia
7.094124,171.13223,Plesiastrea
7.094124,171.13223,Sandalolitha
7.176081,171.127435,Plesiastrea
7.176081,171.127435,Oulophyllia
7.202968,171.072371,Psammocora
7.202968,171.072371,Favia
7.202968,171.072371,Pectinia
7.210496,171.056222,Herpolitha
7.210496,171.056222,Stylocoeniella
7.192263,171.093619,Fungia
7.192263,171.093619,Platygyra
7.157102,171.203081,Leptoseris
7.089031,171.129485,Turbinaria
7.089031,171.129485,Echinophyllia
7.089031,171.129485,Pachyseris
7.094124,171.13223,Favia
7.094124,171.13223,Pectinia
7.094124,171.13223,Echinophyllia
7.094124,171.13223,Pachyseris
7.210496,171.056222,Gardineroseris
7.210496,171.056222,Goniopora
7.210496,171.056222,Merulina
7.210496,171.056222,Plesiastrea
7.210496,171.056222,Pavona
7.210496,171.056222,Seriatopora
7.210496,171.056222,Goniastrea
7.210496,171.056222,Leptoria
7.210496,171.056222,Oxypora
7.210496,171.056222,Fungia
7.210496,171.056222,Hydnophora
7.210496,171.056222,Oulophyllia
7.210496,171.056222,Platygyra
7.210496,171.056222,Sandalolitha
7.157102,171.203081,Gardineroseris
7.157102,171.203081,Goniopora
7.157102,171.203081,Plesiastrea
7.157102,171.203081,Pavona
7.157102,171.203081,Stylocoeniella
7.157102,171.203081,Galaxea
7.157102,171.203081,Goniastrea
7.157102,171.203081,Leptoria
7.157102,171.203081,Oxypora
7.157102,171.203081,Plerogyra
7.157102,171.203081,Fungia
7.157102,171.203081,Hydnophora
7.157102,171.203081,Leptastrea
7.157102,171.203081,Oulophyllia
7.157102,171.203081,Platygyra
7.157102,171.203081,Mycedium
7.157102,171.203081,Physogyra
7.157102,171.203081,Psammocora
7.157102,171.203081,Lobophyllia
7.089031,171.129485,Gardineroseris
7.089031,171.129485,Sandalolitha
7.089031,171.129485,Favites
7.089031,171.129485,Euphyllia
7.103619,171.382242,Herpolitha
7.103619,171.382242,Physogyra
7.103619,171.382242,Goniopora
7.103619,171.382242,Leptoseris
7.103619,171.382242,Pavona
7.103619,171.382242,Galaxea
7.103619,171.382242,Leptoria
7.103619,171.382242,Oxypora
7.103619,171.382242,Plerogyra
7.176081,171.127435,Gardineroseris
7.176081,171.127435,Goniopora
7.176081,171.127435,Leptoseris
7.176081,171.127435,Galaxea
7.176081,171.127435,Isopora
7.176081,171.127435,Leptoria
7.176081,171.127435,Oxypora
7.176081,171.127435,Plerogyra
7.176081,171.127435,Fungia
7.176081,171.127435,Hydnophora
7.176081,171.127435,Montipora
7.176081,171.127435,Platygyra
7.176081,171.127435,Stylophora
7.176081,171.127435,Euphyllia
7.176081,171.127435,Herpolitha
7.176081,171.127435,Mycedium
7.176081,171.127435,Physogyra
7.176081,171.127435,Psammocora
7.176081,171.127435,Lobophyllia
7.202968,171.072371,Hydnophora
7.202968,171.072371,Turbinaria
7.202968,171.072371,Herpolitha
7.202968,171.072371,Mycedium
7.202968,171.072371,Physogyra
7.202968,171.072371,Lobophyllia
7.202968,171.072371,Echinophyllia
7.202968,171.072371,Goniastrea
7.202968,171.072371,Pachyseris
7.202968,171.072371,Gardineroseris
7.202968,171.072371,Goniopora
7.202968,171.072371,Leptoseris
7.202968,171.072371,Pavona
7.192263,171.093619,Goniopora
7.192263,171.093619,Leptoseris
7.192263,171.093619,Pocillopora
7.192263,171.093619,Galaxea
7.192263,171.093619,Isopora
7.192263,171.093619,Oxypora
7.192263,171.093619,Plerogyra
7.192263,171.093619,Hydnophora
7.192263,171.093619,Leptastrea
7.192263,171.093619,Turbinaria
7.192263,171.093619,Herpolitha
7.192263,171.093619,Physogyra
7.158656,171.163087,Echinophyllia
7.158656,171.163087,Goniastrea
7.158656,171.163087,Leptoria
7.158656,171.163087,Pachyseris
7.158656,171.163087,Merulina
7.158656,171.163087,Fungia
7.158656,171.163087,Oulophyllia
7.158656,171.163087,Platygyra
7.158656,171.163087,Sandalolitha
7.158656,171.163087,Favites
7.158656,171.163087,Psammocora
7.158656,171.163087,Favia
7.158656,171.163087,Montipora
7.158656,171.163087,Pectinia
7.158656,171.163087,Stylophora
7.158656,171.163087,Seriatopora
7.094124,171.13223,Lobophyllia
7.094124,171.13223,Goniopora
7.094124,171.13223,Leptoseris
7.094124,171.13223,Merulina
7.094124,171.13223,Pavona
7.094124,171.13223,Seriatopora
7.094124,171.13223,Stylocoeniella
7.094124,171.13223,Galaxea
7.094124,171.13223,Goniastrea
7.094124,171.13223,Leptoria
7.094124,171.13223,Oxypora
7.094124,171.13223,Plerogyra
7.094124,171.13223,Fungia
7.094124,171.13223,Hydnophora
7.094124,171.13223,Leptastrea
7.094124,171.13223,Platygyra
7.094124,171.13223,Pocillopora
7.210496,171.056222,Mycedium
7.210496,171.056222,Physogyra
7.210496,171.056222,Psammocora
7.210496,171.056222,Lobophyllia
7.103619,171.382242,Leptastrea
7.103619,171.382242,Turbinaria
7.210496,171.056222,Echinophyllia
7.210496,171.056222,Favia
7.210496,171.056222,Pachyseris
7.210496,171.056222,Pectinia
7.157102,171.203081,Echinophyllia
7.157102,171.203081,Pachyseris
7.176081,171.127435,Echinophyllia
7.176081,171.127435,Goniastrea
7.176081,171.127435,Pachyseris
7.202968,171.072371,Galaxea
7.202968,171.072371,Isopora
7.202968,171.072371,Oxypora
7.202968,171.072371,Plerogyra
7.192263,171.093619,Echinophyllia
7.192263,171.093619,Pachyseris
7.158656,171.163087,Gardineroseris
7.103619,171.382242,Gardineroseris
7.094124,171.13223,Herpolitha
7.094124,171.13223,Mycedium
7.094124,171.13223,Physogyra
7.094124,171.13223,Psammocora
7.192263,171.093619,Stylocoeniella
7.210496,171.056222,Favites
7.10259,171.300762,Fungia
7.121292,171.351014,Acropora
7.086178,171.192138,Alveopora
7.086178,171.192138,Diploastrea
7.086178,171.192138,Acropora
7.121292,171.351014,Caulastraea
7.086178,171.192138,Acanthastrea
7.086178,171.192138,Ctenactis
7.121292,171.351014,Astreopora
7.086178,171.192138,Coscinaraea
7.086178,171.192138,Cyphastrea
7.121292,171.351014,Acanthastrea
7.121292,171.351014,Echinopora
7.086178,171.192138,Caulastraea
7.086178,171.192138,Astreopora
7.086178,171.192138,Echinopora
7.121292,171.351014,Alveopora
7.121292,171.351014,Diploastrea
7.121292,171.351014,Coscinaraea
7.121292,171.351014,Cyphastrea
7.086178,171.192138,Leptastrea
7.121292,171.351014,Favites
7.121292,171.351014,Porites
7.121292,171.351014,Merulina
7.121292,171.351014,Seriatopora
7.121292,171.351014,Sandalolitha
7.121292,171.351014,Ctenactis
7.086178,171.192138,Favites
7.121292,171.351014,Euphyllia
7.121292,171.351014,Goniopora
7.121292,171.351014,Herpolitha
7.121292,171.351014,Mycedium
7.121292,171.351014,Physogyra
7.121292,171.351014,Stylocoeniella
7.121292,171.351014,Lobophyllia
7.121292,171.351014,Echinophyllia
7.121292,171.351014,Goniastrea
7.121292,171.351014,Pachyseris
7.121292,171.351014,Gardineroseris
7.121292,171.351014,Leptoseris
7.121292,171.351014,Plesiastrea
7.121292,171.351014,Galaxea
7.121292,171.351014,Oxypora
7.121292,171.351014,Plerogyra
7.121292,171.351014,Leptoria
7.121292,171.351014,Isopora
7.121292,171.351014,Fungia
7.121292,171.351014,Hydnophora
7.121292,171.351014,Montipora
7.121292,171.351014,Oulophyllia
7.121292,171.351014,Platygyra
7.121292,171.351014,Stylophora
7.086178,171.192138,Herpolitha
7.086178,171.192138,Pavona
7.086178,171.192138,Stylocoeniella
7.086178,171.192138,Echinophyllia
7.086178,171.192138,Goniastrea
7.086178,171.192138,Leptoria
7.086178,171.192138,Pachyseris
7.086178,171.192138,Leptoseris
7.086178,171.192138,Pocillopora
7.086178,171.192138,Porites
7.086178,171.192138,Galaxea
7.086178,171.192138,Isopora
7.086178,171.192138,Oxypora
7.086178,171.192138,Plerogyra
7.086178,171.192138,Psammocora
7.086178,171.192138,Merulina
7.086178,171.192138,Favia
7.086178,171.192138,Montipora
7.086178,171.192138,Pectinia
7.086178,171.192138,Stylophora
7.086178,171.192138,Turbinaria
7.086178,171.192138,Goniopora
7.086178,171.192138,Physogyra
7.086178,171.192138,Gardineroseris
7.086178,171.192138,Lobophyllia
7.086178,171.192138,Hydnophora
7.086178,171.192138,Euphyllia
7.086178,171.192138,Plesiastrea
7.086178,171.192138,Seriatopora
7.121292,171.351014,Leptastrea
7.121292,171.351014,Pocillopora
7.121292,171.351014,Psammocora
7.121292,171.351014,Turbinaria
7.086178,171.192138,Fungia
7.086178,171.192138,Oulophyllia
7.086178,171.192138,Platygyra
7.086178,171.192138,Sandalolitha
7.121292,171.351014,Pavona
7.086178,171.192138,Mycedium
7.121292,171.351014,Favia
7.121292,171.351014,Pectinia
8.973033,167.73158,Cycloseris
8.934978,167.753141,Cycloseris
8.826724,167.685362,Turbinaria
7.128226,171.355937,Acanthastrea
7.101511,171.265532,Acanthastrea
7.182269,171.086561,Acanthastrea
7.128226,171.355937,Diploastrea
7.128226,171.355937,Cyphastrea
7.128226,171.355937,Acropora
7.128226,171.355937,Ctenactis
7.101511,171.265532,Cyphastrea
7.101511,171.265532,Acropora
7.101511,171.265532,Coscinaraea
7.11065,171.135078,Diploastrea
7.11065,171.135078,Cyphastrea
7.11065,171.135078,Acropora
7.182269,171.086561,Acropora
7.182269,171.086561,Caulastraea
7.11065,171.135078,Herpolitha
7.11065,171.135078,Mycedium
7.11065,171.135078,Physogyra
7.11065,171.135078,Psammocora
7.11065,171.135078,Lobophyllia
7.11065,171.135078,Platygyra
7.11065,171.135078,Goniopora
7.11065,171.135078,Leptoseris
7.11065,171.135078,Pavona
7.11065,171.135078,Stylocoeniella
7.11065,171.135078,Goniastrea
7.11065,171.135078,Leptoria
7.11065,171.135078,Merulina
7.11065,171.135078,Leptastrea
7.11065,171.135078,Oulophyllia
7.11065,171.135078,Pocillopora
7.11065,171.135078,Sandalolitha
7.11065,171.135078,Seriatopora
7.11065,171.135078,Galaxea
7.11065,171.135078,Isopora
7.11065,171.135078,Plerogyra
7.182269,171.086561,Goniopora
7.182269,171.086561,Leptoseris
7.182269,171.086561,Leptastrea
7.182269,171.086561,Pocillopora
7.182269,171.086561,Turbinaria
7.182269,171.086561,Mycedium
7.182269,171.086561,Physogyra
7.182269,171.086561,Psammocora
7.182269,171.086561,Lobophyllia
7.182269,171.086561,Platygyra
7.128226,171.355937,Coscinaraea
7.101511,171.265532,Astreopora
7.11065,171.135078,Astreopora
7.182269,171.086561,Astreopora
7.11065,171.135078,Favia
7.11065,171.135078,Montipora
7.11065,171.135078,Pectinia
7.11065,171.135078,Stylophora
7.182269,171.086561,Pavona
7.182269,171.086561,Stylocoeniella
7.128226,171.355937,Caulastraea
7.101511,171.265532,Alveopora
7.11065,171.135078,Coscinaraea
7.182269,171.086561,Alveopora
7.182269,171.086561,Echinopora
7.182269,171.086561,Leptoria
7.182269,171.086561,Diploastrea
7.128226,171.355937,Echinophyllia
7.128226,171.355937,Goniastrea
7.128226,171.355937,Leptoria
7.128226,171.355937,Pachyseris
7.128226,171.355937,Merulina
7.128226,171.355937,Fungia
7.128226,171.355937,Hydnophora
7.128226,171.355937,Oulophyllia
7.128226,171.355937,Platygyra
7.128226,171.355937,Pocillopora
7.128226,171.355937,Porites
7.128226,171.355937,Sandalolitha
7.128226,171.355937,Gardineroseris
7.128226,171.355937,Favites
7.128226,171.355937,Galaxea
7.128226,171.355937,Isopora
7.128226,171.355937,Plerogyra
7.128226,171.355937,Psammocora
7.128226,171.355937,Favia
7.128226,171.355937,Montipora
7.128226,171.355937,Pectinia
7.128226,171.355937,Stylophora
7.128226,171.355937,Euphyllia
7.128226,171.355937,Seriatopora
7.101511,171.265532,Fungia
7.101511,171.265532,Leptastrea
7.101511,171.265532,Oulophyllia
7.101511,171.265532,Platygyra
7.101511,171.265532,Pocillopora
7.101511,171.265532,Seriatopora
7.101511,171.265532,Herpolitha
7.101511,171.265532,Isopora
7.101511,171.265532,Mycedium
7.101511,171.265532,Physogyra
7.101511,171.265532,Psammocora
7.101511,171.265532,Lobophyllia
7.101511,171.265532,Favia
7.101511,171.265532,Montipora
7.101511,171.265532,Pectinia
7.101511,171.265532,Stylophora
7.101511,171.265532,Goniopora
7.101511,171.265532,Pavona
7.101511,171.265532,Porites
7.101511,171.265532,Stylocoeniella
7.101511,171.265532,Echinophyllia
7.101511,171.265532,Goniastrea
7.101511,171.265532,Leptoria
7.101511,171.265532,Pachyseris
7.101511,171.265532,Merulina
7.101511,171.265532,Gardineroseris
7.101511,171.265532,Sandalolitha
7.101511,171.265532,Favites
7.101511,171.265532,Galaxea
7.101511,171.265532,Oxypora
7.101511,171.265532,Plerogyra
7.182269,171.086561,Fungia
7.182269,171.086561,Hydnophora
7.182269,171.086561,Euphyllia
7.182269,171.086561,Porites
7.182269,171.086561,Merulina
7.182269,171.086561,Plesiastrea
7.128226,171.355937,Alveopora
7.101511,171.265532,Ctenactis
7.182269,171.086561,Ctenactis
7.128226,171.355937,Mycedium
7.128226,171.355937,Lobophyllia
7.101511,171.265532,Hydnophora
7.11065,171.135078,Porites
7.11065,171.135078,Acanthastrea
7.101511,171.265532,Caulastraea
7.101511,171.265532,Diploastrea
7.101511,171.265532,Echinopora
7.11065,171.135078,Caulastraea
7.11065,171.135078,Alveopora
7.128226,171.355937,Plesiastrea
7.101511,171.265532,Plesiastrea
7.101511,171.265532,Euphyllia
7.11065,171.135078,Turbinaria
7.128226,171.355937,Astreopora
7.11065,171.135078,Echinopora
7.182269,171.086561,Cyphastrea
7.11065,171.135078,Ctenactis
7.182269,171.086561,Coscinaraea
7.128226,171.355937,Herpolitha
7.128226,171.355937,Physogyra
7.128226,171.355937,Goniopora
7.128226,171.355937,Leptoseris
7.128226,171.355937,Pavona
7.128226,171.355937,Oxypora
7.128226,171.355937,Leptastrea
7.128226,171.355937,Turbinaria
7.101511,171.265532,Turbinaria
7.101511,171.265532,Leptoseris
7.11065,171.135078,Euphyllia
7.11065,171.135078,Echinophyllia
7.11065,171.135078,Pachyseris
7.11065,171.135078,Gardineroseris
7.11065,171.135078,Plesiastrea
7.11065,171.135078,Favites
7.11065,171.135078,Oxypora
7.11065,171.135078,Fungia
7.11065,171.135078,Hydnophora
7.182269,171.086561,Echinophyllia
7.182269,171.086561,Goniastrea
7.182269,171.086561,Pachyseris
7.182269,171.086561,Oulophyllia
7.182269,171.086561,Sandalolitha
7.182269,171.086561,Seriatopora
7.182269,171.086561,Favites
7.182269,171.086561,Galaxea
7.182269,171.086561,Isopora
7.182269,171.086561,Oxypora
7.182269,171.086561,Plerogyra
7.182269,171.086561,Favia
7.182269,171.086561,Montipora
7.182269,171.086561,Pectinia
7.182269,171.086561,Stylophora
7.182269,171.086561,Herpolitha
7.128226,171.355937,Echinopora
7.128226,171.355937,Stylocoeniella
7.182269,171.086561,Gardineroseris
9.090854,167.471139,Turbinaria
8.934999,167.753184,Cycloseris
8.826458,167.789843,Turbinaria
8.956131,167.740519,Cycloseris
9.181665,167.41313,Turbinaria
7.06,171.179993,Psammocora
6.1,171.7,Acropora
11.116667,166.516667,Acropora
6.1,171.7,Seriatopora
11.15,166.466667,Pectinia
11.15,166.466667,Acropora
11.116667,166.516667,Lobactis
11.35,166.916667,Acropora
6.1,171.7,Merulina
7,171.7,Acropora
6.1,171.7,Oulophyllia
6.1,171.7,Echinophyllia
6.1,171.7,Leptoseris
11.133333,166.516667,Acropora
11.316667,166.8,Acropora
11.366667,166.966667,Acropora
11.333333,166.916667,Acropora
11.25,166.883333,Acropora
11.233333,166.616667,Acropora
11.433333,167.033333,Acropora
11.2,166.683333,Acropora
11.3,166.65,Acropora
11.283333,166.883333,Acropora
11.133333,166.35,Acropora
11.216667,166.716667,Acropora
11.15,166.883333,Acropora
6.1,171.7,Hydnophora
11.416667,166.966667,Acropora
6.1,171.7,Montipora
11.383333,166.983333,Acropora
11.433333,167.033333,Seriatopora
11.466667,166.666667,Acropora
11.216667,166.7,Acropora
11.383333,166.983333,Anacropora
11.383333,166.983333,Hydnophora
11.166667,166.283333,Acropora
11.216667,166.716667,Pavona
11.333333,166.916667,Merulina
11.466667,166.666667,Cantharellus
6.1,171.7,Pavona
11.366667,166.966667,Leptoseris
11.283333,166.883333,Echinophyllia
11.233333,166.616667,Leptastrea
11.166667,166.283333,Echinophyllia
6.1,171.7,Lobactis
11.233333,166.616667,Echinophyllia
11.366667,166.966667,Cycloseris
6.1,171.7,Goniopora
11.466667,166.666667,Danafungia
11.216667,166.716667,Stylocoeniella
11.433333,167.033333,Turbinaria
11.166667,166.283333,Danafungia
11.216667,166.7,Echinophyllia
11.433333,167.033333,Caulastraea
11.166667,166.283333,Montipora
11.233333,166.616667,Plesiastrea
11.283333,166.883333,Oulophyllia
11.35,166.916667,Montipora
11.283333,166.883333,Hydnophora
11.283333,166.883333,Dipsastraea
11.21,166.7,Acropora
11.16,166.29,Acropora
11.46,166.67,Acropora
11.11,166.53,Acropora
11.29,166.88,Acropora
8.857189,167.681641,Acropora
8.973156,167.792869,Acropora
11.625,165.525,Acropora
11.625,165.525,Isopora
11.625,165.525,Platygyra
11.625,165.525,Goniopora
11.625,165.525,Echinopora
11.625,165.525,Lobophyllia
11.625,165.525,Favites
11.625,165.525,Hydnophora
11.625,165.525,Psammocora
11.625,165.525,Goniastrea
11.625,165.525,Dipsastraea
11.625,165.525,Pavona
11.625,165.525,Merulina
11.625,165.525,Acanthastrea
11.625,165.525,Alveopora
11.625,165.525,Leptoseris
11.625,165.525,Echinophyllia
11.625,165.525,Montipora
11.625,165.525,Porites
11.625,165.525,Cyphastrea
11.625,165.525,Fungia
11.625,165.525,Astrea
11.625,165.525,Leptastrea
11.625,165.525,Pocillopora
11.636667,165.503333,Echinophyllia
11.675,165.416667,Polyphyllia
11.523333,165.403333,Lithophyllon
11.505,165.408333,Lobactis
11.69,165.285,Fungia
11.675,165.416667,Pocillopora
11.625,165.403333,Herpolitha
11.523333,165.403333,Oulophyllia
11.525,165.556667,Montipora
11.316667,165.333333,Paramontastraea
11.316667,165.333333,Astrea
11.52,166.841667,Acropora
11.52,166.841667,Isopora
11.52,166.841667,Porites
11.52,166.841667,Leptastrea
11.52,166.841667,Goniastrea
11.52,166.841667,Danafungia
11.52,166.841667,Lobactis
11.52,166.841667,Echinopora
11.52,166.841667,Pleuractis
11.52,166.841667,Coscinaraea
11.52,166.841667,Podabacia
11.52,166.841667,Seriatopora
11.52,166.841667,Stylocoeniella
11.52,166.841667,Cycloseris
11.52,165.841667,Pleuractis
11.52,165.841667,Cycloseris
11.52,165.841667,Gardineroseris
11.52,165.841667,Favites
11.52,165.841667,Seriatopora
11.52,165.841667,Turbinaria
11.52,165.841667,Pocillopora
7.0876,171.3728,Montipora
8.956272,167.74046,Cycloseris
15.1667,167.233,Deltocyathus
7.083333,171.133333,Acropora
8.717351,167.758356,Plerogyra
11.3664,162.347,Cycloseris
7.22,171.65,Hydnophora
11.3664,162.347,Zoopilus
7.217,171.649994,Hydnophora
11.45067,162.39067,Dipsastraea
11.365,162.35,Pocillopora
11.3475,162.329,Acropora
11.6686,162.183,Fungia
11.4597,162.093,Acropora
11.4306,162.392,Leptastrea
11.3528,162.205,Turbinaria
11.4597,162.093,Pavona
11.3528,162.205,Acropora
11.4597,162.093,Leptastrea
11.35,162.322,Dipsastraea
11.4306,162.392,Acropora
11.4597,162.093,Pleuractis
11.6686,162.183,Pavona
11.39,162.333,Psammocora
11.35,162.322,Echinophyllia
11.35,162.322,Pavona
11.6653,162.237,Favites
11.6686,162.183,Cyphastrea
11.4597,162.093,Lobophyllia
11.6686,162.183,Acropora
11.4511,162.396,Dipsastraea
11.6611,162.244,Psammocora
11.4597,162.093,Turbinaria
11.4511,162.396,Pavona
11.4511,162.396,Platygyra
11.6686,162.183,Caulastraea
11.4306,162.392,Astrea
11.3528,162.205,Echinopora
11.6653,162.237,Fungia
11.35,162.322,Stylocoeniella
11.4511,162.396,Paragoniastrea
11.3528,162.205,Pavona
11.4597,162.093,Pocillopora
11.6653,162.237,Acropora
11.4597,162.093,Paragoniastrea
11.35,162.322,Astreopora
11.4511,162.396,Fungia
11.35,162.322,Goniastrea
11.35,162.322,Montipora
11.6686,162.183,Astrea
11.4511,162.396,Acropora
11.3928,162.333,Lithophyllon
11.4597,162.093,Dipsastraea
11.39,162.333,Paragoniastrea
11.3542,162.205,Pavona
11.4597,162.093,Astreopora
11.6686,162.183,Dipsastraea
11.35,162.322,Favites
11.3528,162.205,Dipsastraea
11.4306,162.392,Stylophora
11.6686,162.183,Leptastrea
11.6653,162.237,Paragoniastrea
11.35,162.322,Lobophyllia
11.3475,162.329,Leptastrea
11.4306,162.392,Pocillopora
11.39,162.333,Platygyra
11.6686,162.183,Goniastrea
11.4486,162.401,Pocillopora
11.4511,162.396,Seriatopora
11.35,162.322,Acropora
11.39,162.333,Dipsastraea
11.39,162.333,Fungia
11.4306,162.392,Turbinaria
11.478,162.08,Pavona
11.6686,162.183,Pocillopora
11.4597,162.093,Merulina
11.39,162.333,Seriatopora
11.3528,162.205,Pocillopora
11.6611,162.244,Acropora
11.35,162.322,Psammocora
11.4597,162.093,Fungia
11.4306,162.392,Dipsastraea
11.4511,162.396,Acanthastrea
11.6686,162.183,Astreopora
11.45583,162.08883,Echinophyllia
11.45583,162.08883,Astreopora
11.45583,162.08883,Lobophyllia
11.38733,162.33333,Lobactis
11.43917,162.08883,Lobophyllia
11.45583,162.08883,Psammocora
11.35167,162.20317,Goniastrea
11.38733,162.33333,Dipsastraea
11.38733,162.33333,Echinophyllia
11.38733,162.33333,Psammocora
11.45067,162.39067,Astrea
11.35,162.31967,Leptoseris
11.45583,162.08883,Pavona
11.45583,162.08883,Astrea
11.35167,162.20317,Echinophyllia
11.45583,162.08883,Lobactis
11.45583,162.08883,Pachyseris
11.38733,162.33333,Herpolitha
11.65667,162.2395,Fungia
11.35167,162.20317,Paragoniastrea
11.35167,162.20317,Favites
11.38733,162.33333,Fungia
11.425,162.38867,Pocillopora
11.65917,162.2355,Fungia
11.66783,162.18333,Pavona
11.35167,162.20317,Hydnophora
11.45583,162.08883,Acropora
11.45583,162.08883,Merulina
11.66783,162.18333,Goniastrea
11.45583,162.08883,Dipsastraea
11.38733,162.33333,Lobophyllia
11.38733,162.33333,Cycloseris
11.45583,162.08883,Goniastrea
11.35,162.31967,Astreopora
11.35,162.31967,Pavona
11.45067,162.39067,Fungia
11.35167,162.20317,Merulina
11.425,162.38867,Favites
11.35167,162.20317,Pocillopora
11.45067,162.39067,Goniastrea
11.35167,162.20317,Pleuractis
11.65917,162.2355,Ctenactis
11.66783,162.18333,Dipsastraea
11.66783,162.18333,Psammocora
11.66783,162.18333,Fungia
11.45583,162.08883,Acanthastrea
11.425,162.38867,Astrea
11.66783,162.18333,Pocillopora
11.833333,162.25,Acropora
11.4486,162.401,Psammocora
11.4486,162.401,Turbinaria
11.4689,162.405,Stylocoeniella
11.4689,162.405,Gardineroseris
11.3858,162.367,Oulophyllia
11.6122,162.336,Lobophyllia
11.3956,162.356,Favites
11.4781,162.08,Turbinaria
11.4781,162.08,Pocillopora
11.62,162.333,Merulina
11.4781,162.08,Leptastrea
11.4544,162.1,Dipsastraea
11.62,162.333,Pavona
11.4689,162.405,Psammocora
11.4258,162.373,Montipora
11.4689,162.405,Pavona
11.62,162.333,Psammocora
11.365,162.35,Seriatopora
11.4781,162.08,Pavona
11.62,162.333,Turbinaria
11.365,162.35,Pavona
11.4544,162.1,Pavona
11.62,162.333,Hydnophora
11.62,162.333,Platygyra
11.4258,162.373,Pocillopora
11.365,162.35,Echinophyllia
11.6122,162.336,Echinopora
11.3944,162.374,Acropora
11.3567,162.352,Acropora
11.4708,162.083,Leptoseris
11.3956,162.356,Dipsastraea
11.3944,162.374,Pavona
11.4781,162.08,Dipsastraea
11.3858,162.367,Pavona
11.3858,162.367,Stylophora
11.6686,162.183,Psammocora
11.3956,162.356,Leptoseris
11.365,162.35,Galaxea
11.3956,162.356,Montipora
11.4486,162.401,Pavona
11.4544,162.1,Pocillopora
11.4708,162.083,Fungia
11.4544,162.1,Stylocoeniella
11.62,162.333,Leptastrea
11.6122,162.336,Pavona
11.4542,162.1,Pocillopora
11.3944,162.374,Favites
11.3956,162.356,Lobophyllia
11.4486,162.401,Lobophyllia
11.4689,162.405,Echinophyllia
11.3625,162.351,Montipora
11.4689,162.405,Turbinaria
11.3944,162.374,Lobophyllia
11.4689,162.405,Dipsastraea
11.3956,162.356,Acropora
11.4544,162.1,Psammocora
11.62,162.333,Fungia
11.4486,162.401,Montipora
11.4689,162.405,Leptoseris
11.62,162.333,Stylophora
11.4689,162.405,Pocillopora
11.4781,162.08,Echinophyllia
11.4544,162.1,Fungia
11.3956,162.356,Pocillopora
11.4258,162.373,Fungia
11.3858,162.367,Platygyra
11.62,162.333,Euphyllia
11.62,162.333,Echinopora
11.62,162.333,Montipora
11.4708,162.083,Echinophyllia
11.3761,162.159,Psammocora
11.6122,162.336,Acropora
11.6122,162.336,Merulina
11.365,162.35,Leptoseris
11.3944,162.374,Astrea
11.3858,162.367,Lobophyllia
11.62,162.333,Gardineroseris
11.62,162.333,Stylocoeniella
11.365,162.35,Stylocoeniella
11.3944,162.374,Leptastrea
11.39067,162.3535,Caulastraea
11.61867,162.33333,Paragoniastrea
11.4425,162.4005,Platygyra
11.359,162.35017,Platygyra
11.61867,162.33333,Stylophora
11.39067,162.3535,Favites
11.39067,162.3535,Dipsastraea
11.39,162.37083,Pocillopora
11.4735,162.07483,Dipsastraea
11.61867,162.33333,Psammocora
11.39,162.37083,Lobophyllia
11.4735,162.07483,Pocillopora
11.61867,162.33333,Hydnophora
11.4735,162.07483,Platygyra
11.39067,162.3535,Fungia
11.61867,162.33333,Euphyllia
11.42217,162.3705,Pocillopora
11.61867,162.33333,Dipsastraea
11.4735,162.07483,Merulina
11.42217,162.3705,Acropora
11.37233,162.15517,Favites
11.45267,162.1,Pocillopora
11.38383,162.36667,Gardineroseris
11.4425,162.4005,Psammocora
11.37233,162.15517,Pavona
11.359,162.35017,Astrea
11.4425,162.4005,Pocillopora
11.39067,162.3535,Lobophyllia
11.468,162.403,Psammocora
11.39,162.37083,Psammocora
11.60733,162.33467,Stylocoeniella
11.39,162.37083,Fungia
11.42217,162.3705,Fungia
11.39067,162.3535,Pavona
11.39067,162.3535,Goniastrea
11.45267,162.1,Psammocora
11.4425,162.4005,Acropora
11.39067,162.3535,Pocillopora
11.4425,162.4005,Oulophyllia
11.61867,162.33333,Acropora
11.359,162.35017,Echinophyllia
11.4425,162.4005,Ctenactis
11.468,162.403,Pavona
11.38483,162.36667,Fungia
11.39067,162.3535,Pectinia
11.365,162.35,Montipora
11.365,162.35,Plerogyra
11.3956,162.356,Pectinia
11.5,162.333,Stylocoeniella
11.5,162.333,Turbinaria
11.386148,162.365715,Psammocora
11.671672,162.220373,Acropora
11.371594,162.162649,Pocillopora
11.671672,162.220373,Montipora
11.47,162.1,Pocillopora
11.47,162.1,Acropora
11.337054,162.313038,Pocillopora
11.382444,162.338774,Isopora
11.456198,162.089981,Acropora
11.382444,162.338774,Psammocora
11.509675,162.333981,Pocillopora
11.456198,162.089981,Pocillopora
11.619749,162.203656,Pocillopora
11.382444,162.338774,Montipora
11.382444,162.338774,Acropora
11.4572,162.096,Acropora
11.4572,162.096,Pocillopora
11.4581,162.096,Lobophyllia
11.6578,162.244,Acropora
11.5,162.333,Porites
11.5,162.333,Astreopora
11.5,162.333,Hydnophora
11.5,162.333,Montipora
11.5,162.333,Favia
11.5,162.333,Pavona
11.5,162.333,Acropora
11.5,162.333,Psammocora
11.5,162.333,Isopora
11.5,162.333,Pocillopora
11.5,162.333,Favites
11.5,162.333,Plesiastrea
11.5,162.333,Acanthastrea
11.47,162.1,Fungia
11.47,162.1,Dipsastraea
11.47,162.1,Favites
11.47,162.1,Isopora
11.47,162.1,Porites
11.47,162.1,Echinophyllia
11.47,162.1,Montipora
11.47,162.1,Pavona
11.47,162.1,Oulophyllia
11.47,162.1,Goniastrea
11.6278,165.439,Montipora
11.6043,165.244,Pocillopora
11.5308,165.548,Leptoseris
11.6278,165.439,Acropora
11.5308,165.548,Acropora
11.47,162.1,Platygyra
11.47,162.1,Plesiastrea
11.47,162.1,Turbinaria
11.585,165.559,Deltocyathus
11.45,166.68,Lobactis
5.85,169.632996,Cycloseris
9.168981,167.40387,Favia
10.82,167.25,Acropora
6.04691,169.287,Cycloseris
10.33,170.03,Seriatopora
10.33,170.03,Pavona
6.04691,169.287,Porites
10,167,Pavona
6.033333,169.55,Pavona
11.3883,162.305,Cycloseris
11.355,162.277,Dendrophyllia
11.3483,162.35,Montipora
9.083333,167.333333,Stylophora
9.083333,167.333333,Acropora
9.083333,167.333333,Lobophyllia
9.083333,167.333333,Pocillopora
9.083333,167.333333,Leptoseris
4.633333,168.716667,Tubastraea
11.6,162.8,Acropora
11.5,162.8,Acropora
10.316667,170.9,Acropora
10.316667,170.9,Isopora
7.083333,171.7,Acropora
7.083333,171.7,Isopora
11.6,162.8,Bernardpora
11.6,162.8,Pavona
11.6,162.8,Ctenactis
11.6,162.8,Podabacia
11.6,162.8,Cycloseris
12,168.5,Acropora
11.833333,162.25,Isopora
11.5,162.25,Isopora
11.5,162.25,Acropora
11.4667,162.4,Montipora
11.4667,162.4,Acropora
11.3858,162.367,Astreopora
11.4597,162.143,Lobophyllia
11.4689,162.405,Pachyseris
11.15,169.63,Porites
11.666667,162.199997,Porites
11.383333,162.366669,Porites
11.583333,165.416672,Seriatopora
11.583333,165.416672,Porites
11.583333,165.416672,Cycloseris
11.583333,165.416672,Cyphastrea
11.583333,165.416672,Stylophora
11.583333,165.416672,Acropora
9,167,Porites
9,167,Galaxea
9,167,Stylophora
9,167,Pocillopora
9,167,Stylocoeniella
9,167,Seriatopora
9,167,Dipsastraea
9,167,Cynarina
9,167,Platygyra
9,167,Montipora
9,167,Acropora
9,167,Alveopora
9,167,Cycloseris
9,167,Leptoseris
9,167,Peponocyathus
9,167,Cyphastrea
9,167,Astreopora
9,167,Pavona
5.67,168.119995,Lobophyllia
7.1,171.75,Leptoseris
7.1,171.75,Galaxea
6,169.582993,Galaxea
7.08,171.130005,Acropora
7.08,171.699997,Acropora
5.67,168.119995,Dipsastraea
6,169.669998,Dipsastraea
7.1,171.75,Acanthastrea
9.5,170,Dipsastraea
7.1,171.75,Echinophyllia
6,169.582993,Fungia
7.08,171.699997,Isopora
6,169.582993,Acropora
6,169.582993,Dipsastraea
5.67,168.119995,Cyphastrea
5.67,168.119995,Euphyllia
6,169.582993,Goniastrea
9,167.5,Dipsastraea
6,169.582993,Echinopora
5.67,168.119995,Favites
6,169.669998,Favites
6,169.582993,Astreopora
6,169.669998,Platygyra
9.5,170,Platygyra
5.67,168.119995,Echinopora
6,169.669998,Galaxea
7.1,171.75,Acropora
9.5,170,Goniastrea
6,169.669998,Goniastrea
6,169.582993,Isopora
6,169.582993,Cyphastrea
5.6,168.117004,Astreopora
6,169.582993,Herpolitha
6,169.669998,Gardineroseris
5.67,168.119995,Goniastrea
6,169.582993,Goniopora
6,169.669998,Pavona
6,169.582993,Halomitra
6,169.582993,Sandalolitha
7.1,171.75,Hydnophora
9.5,170,Hydnophora
9.5,170,Pocillopora
6,169.582993,Hydnophora
6,169.669998,Psammocora
6,169.582993,Physogyra
7.1,171.75,Pavona
9.5,170,Lobophyllia
6,169.582993,Ctenactis
6,169.582993,Pavona
5.67,168.119995,Pavona
9.9,169.149994,Pavona
9.5,170,Astrea
5.67,168.119995,Astrea
6,169.582993,Pachyseris
6,169.669998,Plesiastrea
5.67,168.119995,Stylophora
9,167.5,Stylophora
9.5,170,Stylophora
6,169.669998,Stylophora
9.5,170,Seriatopora
6,169.669998,Pocillopora
5.67,168.119995,Pocillopora
9,167.5,Pocillopora
6,169.669998,Seriatopora
6,169.582993,Porites
9.5,170,Leptoria
5.67,168.119995,Leptoria
5.67,168.119995,Oulophyllia
6,169.582993,Psammocora
9,167.5,Leptoria
11.56,165.233002,Herpolitha
11.5,165.399994,Herpolitha
11.5,162.800003,Acropora
11.683,165.427002,Acropora
11.683,165.427002,Platygyra
11.5,162.330002,Stylophora
14.63,169,Goniastrea
11.699,165.330002,Montipora
11.6,162.800003,Acropora
11.518,165.565994,Porites
11.699,165.330002,Leptastrea
11.5,165.339996,Seriatopora
11.699,165.330002,Seriatopora
11.699,165.330002,Astreopora
11.699,165.330002,Acropora
11.699,165.330002,Porites
11.575,165.216995,Stylocoeniella
11.53,165.550003,Acropora
10.32,170.899994,Acropora
14.63,169,Seriatopora
11.699,165.330002,Euphyllia
11.5,165.339996,Rhizopsammia
11.696,165.289001,Lithophyllon
11.699,165.330002,Stylophora
11.685,165.384995,Favites
16.75,168,Pocillopora
11.56,165.233002,Isopora
11.4,167.483002,Pocillopora
10.33,159.929993,Leptastrea
11.496,165.369995,Montipora
11.699,165.330002,Anacropora
11.575,165.216995,Stylophora
11.461,162.095993,Turbinaria
11.461,162.095993,Acropora
11.45,166.690002,Astreopora
11.696,165.289001,Lobophyllia
14.63,169,Stylophora
11.496,165.369995,Acropora
11.56,165.233002,Acropora
11.45,166.690002,Herpolitha
11.5,165.339996,Stylocoeniella
11.4,167.483002,Acropora
11.496,165.369995,Goniastrea
11.699,165.330002,Oulophyllia
11.699,165.330002,Echinophyllia
11.5,165.339996,Acropora
11.52,165.559998,Stylophora
11.518,165.565994,Favites
11.699,165.330002,Cyphastrea
11.4,167.483002,Lobophyllia
11.56,165.233002,Montipora
11.696,165.289001,Porites
11.699,165.330002,Lithophyllon
11.2,167.449997,Stylocoeniella
11.699,165.330002,Cycloseris
11.699,165.330002,Dipsastraea
11.518,165.565994,Plesiastrea
11.15,166.772003,Plesiastrea
12.198,162.179993,Acropora
11.461,162.095993,Montipora
11.4,167.483002,Porites
11.45,166.690002,Fungia
11.519,165.567001,Porites
11.333,166.832993,Caryophyllia
11.575,165.216995,Acropora
11.575,165.216995,Isopora
11.519,165.567001,Acropora
11.696,165.289001,Pocillopora
12.198,162.179993,Stylophora
10.33,159.929993,Lobophyllia
11.63,165.440002,Acropora
11.63,165.440002,Montipora
11.4,167.483002,Favites
12.198,162.179993,Montipora
11.5,165.339996,Platygyra
11.52,165.559998,Dendrophyllia
11.56,165.233002,Platygyra
14.63,169,Lobophyllia
11.2,166.899994,Acropora
11.683,165.427002,Stylocoeniella
11.518,165.565994,Stylocoeniella
11.518,165.565994,Psammocora
11.699,165.330002,Dendrophyllia
11.699,165.330002,Turbinaria
11.699,165.330002,Plesiastrea
11.4,167.483002,Pavona
11.333,166.832993,Acropora
11.45,166.690002,Echinophyllia
11.575,165.216995,Pocillopora
11.63,165.440002,Seriatopora
11.496,165.369995,Pavona
11.5,165.339996,Pocillopora
11.519,165.567001,Plesiastrea
11.683,165.427002,Pocillopora
11.53,165.550003,Cladopsammia
11.5,165.339996,Psammocora
11.575,165.216995,Plesiastrea
11.4,167.483002,Oulophyllia
11.699,165.330002,Stylocoeniella
11.5,165.339996,Montipora
10.33,159.929993,Stylophora
11.699,165.330002,Pocillopora
11.496,165.369995,Porites
11.5,165.339996,Desmophyllum
11.5,162.330002,Goniastrea
11.56,165.233002,Pocillopora
11.56,165.233002,Porites
11.518,165.565994,Leptoseris
11.575,165.216995,Porites
11.699,165.330002,Lobophyllia
11.5,165.339996,Leptoseris
14.63,169,Pocillopora
11.63,165.440002,Stylocoeniella
11.52,165.559998,Acropora
11.4,167.483002,Isopora
11.699,165.330002,Leptoseris
11.699,165.330002,Diploastrea
11.699,165.330002,Favites
11.5,165.339996,Pachyseris
11.496,165.369995,Pocillopora
11.696,165.289001,Oulophyllia
11.696,165.289001,Turbinaria
11.699,165.330002,Paragoniastrea
11.683,165.427002,Isopora
11.4,167.483002,Seriatopora
11.699,165.330002,Isopora
11.696,165.289001,Acropora
10.33,159.929993,Goniastrea
11.56,165.233002,Plesiastrea
11.699,165.330002,Goniastrea
11.5,165.339996,Echinophyllia
16.75,168,Madrepora
11.683,165.427002,Leptastrea
11.5,165.339996,Goniopora
11.699,165.330002,Astrea
11.519,165.567001,Platygyra
11.45,166.690002,Lithophyllon
11.2,167.449997,Porites
11.2,166.899994,Plesiastrea
11.56,165.233002,Goniastrea
11.63,165.440002,Cycloseris
11.461,162.095993,Plesiastrea
11.15,166.772003,Acropora
11.566,165.559998,Acropora
11.518,165.565994,Goniastrea
11.5,162.330002,Leptoria
11.15,166.772003,Platygyra
11.518,165.565994,Seriatopora
11.699,165.330002,Platygyra
11.699,165.330002,Dactylotrochus
11.696,165.289001,Euphyllia
11.5,165.339996,Turbinaria
11.699,165.330002,Sinuorota
11.519,165.567001,Isopora
11.4,167.483002,Goniastrea
11.333,166.832993,Cycloseris
11.683,165.427002,Seriatopora
10.33,159.929993,Seriatopora
11.575,165.216995,Montipora
11.53,165.550003,Leptoseris
11.5,165.339996,Cyphastrea
11.15,166.772003,Montipora
12.198,162.179993,Platygyra
16.75,168,Porites
11.685,165.384995,Lobophyllia
11.5,165.339996,Isopora
11.56,165.233002,Stylophora
11.699,165.330002,Pavona
11.699,165.330002,Pachyseris
11.333,166.832993,Stylophora
11.683,165.427002,Stylophora
16.75,168,Acropora
11.5,165.339996,Stylophora
11.5,165.339996,Plesiastrea
11.683,165.427002,Montipora
11.4,167.483002,Platygyra
16.75,168,Montipora
11.333,166.832993,Seriatopora
12.118,162.302994,Isopora
11.52,165.559998,Caryophyllia
12.118,162.302994,Acropora
11.699,165.330002,Madracis
12.198,162.179993,Goniastrea
11.519,165.567001,Cyphastrea
11.519,165.567001,Dipsastraea
10.33,159.929993,Galaxea
11.518,165.565994,Pavona
14.63,169,Dipsastraea
10.33,159.929993,Leptoria
11.5,165.339996,Dipsastraea
11.31,166.932007,Lobactis
11.699,165.330002,Psammocora
11.56,165.233002,Psammocora
11.696,165.289001,Astreopora
11.15,166.772003,Hydnophora
11.43,162.380005,Acropora
11.519,165.567001,Pocillopora
11.53,165.550003,Isopora
12.198,162.179993,Astreopora
12.198,162.179993,Isopora
11.56,165.233002,Lobactis
11.53,165.550003,Javania
11.699,165.330002,Culicia
11.56,165.233002,Turbinaria
12.198,162.179993,Lobactis
11.683,165.427002,Dipsastraea
11.696,165.289001,Lobactis
14.63,169,Echinopora
11.45,166.690002,Lobactis
11.696,165.289001,Dipsastraea
11.696,165.289001,Fungia
10.33,159.929993,Dipsastraea
10.33,159.929993,Pocillopora
11.56,165.233002,Lobophyllia
11.696,165.289001,Acanthastrea
11.5,165.339996,Coscinaraea
11.33,166.830002,Fungia
11.461,162.095993,Dipsastraea
11.15,166.772003,Lobactis
10.33,159.929993,Plesiastrea
11.699,165.330002,Oxypora
11.575,165.216995,Astreopora
14.63,169,Leptastrea
11.518,165.565994,Pocillopora
11.5,165.399994,Sandalolitha
11.5,162.330002,Hydnophora
11.461,162.095993,Lobophyllia
11.53,165.550003,Montipora
14.63,169,Hydnophora
11.699,165.330002,Goniopora
11.333,166.832993,Anacropora
11.2,166.899994,Lobophyllia
11.683,165.427002,Cyphastrea
10.33,159.929993,Cyphastrea
11.575,165.216995,Lobactis
11.15,166.772003,Pocillopora
11.461,162.095993,Astreopora
11.518,165.565994,Sandalolitha
11.4,167.483002,Dipsastraea
11.696,165.289001,Isopora
11.699,165.330002,Alveopora
11.4,167.483002,Astreopora
11.696,165.289001,Psammocora
11.517,165.294998,Porites
11.15,166.772003,Porites
11.461,162.095993,Pocillopora
11.575,165.216995,Turbinaria
16.75,168,Pavona
11.518,165.565994,Acropora
12.198,162.179993,Pocillopora
11.5,162.330002,Astrea
11.5,165.339996,Porites
11.5,162.330002,Favites
11.575,165.216995,Dipsastraea
11.566,165.559998,Dipsastraea
11.696,165.289001,Montipora
11.699,165.330002,Lobactis
11.52,165.559998,Isopora
11.461,162.095993,Porites
11.52,165.283005,Porites
11.699,165.330002,Hydnophora
11.53,165.550003,Pavona
11.5,165.339996,Paracyathus
11.566,165.559998,Porites
11.52,165.559998,Pocillopora
11.696,165.289001,Pavona
11.52,165.559998,Astreopora
11.566,165.559998,Montipora
11.52,165.559998,Paracyathus
11.15,166.772003,Pavona
11.4,167.483002,Montipora
11.699,165.330002,Echinopora
11.518,165.565994,Montipora
10.33,159.929993,Pavona
10.33,159.929993,Astrea
11.5,165.399994,Leptoseris
11.5,165.339996,Astreopora
11.4,167.483002,Lobactis
11.52,165.565994,Porites
11.2,166.899994,Montipora
14.63,169,Leptoria
11.496,165.369995,Isopora
11.699,165.330002,Coscinaraea
11.699,165.330002,Deltocyathus
11.518,165.565994,Dipsastraea
11.5,165.339996,Dendrophyllia
11.333,166.832993,Porites
11.5,162.330002,Dipsastraea
12.198,162.179993,Dipsastraea
11.2,166.899994,Isopora
11.699,165.330002,Fungia
10.33,159.929993,Platygyra
11.5,165.339996,Cycloseris
11.52,165.559998,Echinopora
10.33,159.929993,Favites
11.519,165.567001,Psammocora
11.683,165.427002,Astreopora
12.198,162.179993,Cyphastrea
14.63,169,Plesiastrea
11.575,165.216995,Lobophyllia
11.2,166.899994,Pocillopora
11.5,165.399994,Alveopora
11.575,165.216995,Cyphastrea
10,167,Merulina
10,167,Stylophora